{"fps": [29.14792, 29.1479168], "offset": [539, 516], "delays": [18, 18]}